{"cameraMode":{"drawMode":0,"name":"Shaded","section":"Shading Mode"},"sceneLighting":true,"audioPlay":false,"sceneViewState":{"m_AlwaysRefresh":false,"showFog":true,"showSkybox":true,"showFlares":true,"showImageEffects":true,"showParticleSystems":true,"showVisualEffectGraphs":true,"m_FxEnabled":true},"in2DMode":false,"pivot":{"x":0.199154794216156,"y":0.7734543085098267,"z":0.010611191391944886},"rotation":{"x":-0.5141680240631104,"y":-0.21608585119247437,"z":-0.13567937910556794,"w":0.8188540935516357},"size":0.15512435138225556,"orthographic":false}