{"cameraMode":{"drawMode":0,"name":"Shaded","section":"Shading Mode"},"sceneLighting":true,"audioPlay":false,"sceneViewState":{"m_AlwaysRefresh":false,"showFog":true,"showSkybox":true,"showFlares":true,"showImageEffects":true,"showParticleSystems":true,"showVisualEffectGraphs":true,"m_FxEnabled":true},"in2DMode":false,"pivot":{"x":1.0403081178665162,"y":0.8229148983955383,"z":-0.3696591854095459},"rotation":{"x":0.0842985138297081,"y":-0.8646285533905029,"z":0.15493430197238923,"w":0.47043222188949587},"size":0.9669947028160095,"orthographic":false}